Name,Reach,Region,SubRegion,UseRegion,MinRelease,MaxRelease,MinVolume,MaxVolume,BaseVolume,Jan,Feb,Mar,Apr,May,Jun,Jul,Aug,Sep,Oct,Nov,Dec
res1,25,Div6,District54,True,0.1,250,1900,3300,2400,0,1,2,3,4,5,6,7,8,9,10,11
res2,42,Div5,District22,False,12,2500,35000,69000,42000,10,20,30,40,50,60,70,80,90,100,110,120
res5403520,-1,Div6,District54,True,0,30,0,124,89,-999,-999,-999,-999,1.621621622,1,1.216216216,-999,0.378378378,-999,-999,-999
res5803508,14050001002504,Div6,District58,False,4,2710,34,2349,1000,0.83080859,0.798602723,0.786692778,0.694107652,0.782366875,1,1.044926368,1.094116292,0.928196008,0.849974441,0.812583189,0.861731756
